Codon,Freq,Ratio
UUU,1.9,0.51
UUC,1.8,0.49
UUA,1,0.11
UUG,1.1,0.11
CUU,1,0.1
CUC,0.9,0.1
CUA,0.3,0.03
CUG,5.2,0.55
AUU,2.7,0.47
AUC,2.7,0.46
AUA,0.4,0.07
AUG,2.6,1
GUU,2,0.29
GUC,1.4,0.2
GUA,1.2,0.17
GUG,2.4,0.34
UCU,1.1,0.19
UCC,1,0.17
UCA,0.7,0.12
UCG,0.8,0.13
CCU,0.7,0.16
CCC,0.4,0.1
CCA,0.8,0.2
CCG,2.4,0.55
ACU,1.2,0.21
ACC,2.4,0.43
ACA,0.1,0.3
ACG,1.3,0.23
GCU,1.8,0.19
GCC,2.3,0.25
GCA,2.1,0.22
GCG,3.2,0.34
UAU,1.6,0.53
UAC,1.4,0.47
UAA,0.2,0.62
UAG,0.03,0.09
CAU,1.2,0.52
CAC,1.1,0.48
CAA,1.3,0.31
CAG,2.9,0.69
AAU,1.6,0.39
AAC,2.6,0.61
AAA,3.8,0.76
AAG,1.2,0.24
GAU,3.3,0.59
GAC,2.3,0.41
GAA,4.4,0.7
GAG,1.9,0.3
UGU,0.4,0.43
UGC,0.6,0.57
UGA,0.1,0.3
UGG,1.4,1
CGU,2.4,0.42
CGC,2.2,0.37
CGA,0.3,0.05
CGG,0.5,0.08
AGU,0.7,0.13
AGC,1.5,0.27
AGA,0.2,0.04
AGG,0.2,0.03
GGU,2.8,0.38
GGC,3,0.4
GGA,0.7,0.09
GGG,0.9,0.13
